[[{"__type__":"cc.Prefab","_name":"block2","data":{"__id__":1},"asyncLoadAssets":null},{"__type__":"cc.Node","_name":"block1","_components":[{"__type__":"cc.Sprite","node":{"__id__":1},"_spriteFrame":{"__uuid__":"c9/+h17jBAAamsKFpiATTs"},"_sizeMode":2,"_isTrimmedMode":false},{"__type__":"9aa9cKNPV9Gl4V2yNIBP0Fm","node":{"__id__":1}},{"__type__":"cc.BoxCollider","node":{"__id__":1},"_size":{"__type__":"cc.Size","width":98,"height":146}}],"_prefab":{"__type__":"cc.PrefabInfo","root":{"__id__":1},"asset":{"__uuid__":"60dkSeTaZPMYTNlqrVNJl+"},"fileId":"52vFr0cyhN+YG/rm0/LCdQ"},"_contentSize":{"__type__":"cc.Size","width":98,"height":146}}],{"__type__":"cc.SpriteFrame","content":{"name":"block2","texture":"70IkgBbjtHtaKE/rMAuwPC","rect":[0,0,98,146],"offset":[0,0],"originalSize":[98,146]}}]