[{"__type__":"cc.SpriteFrame","content":{"name":"tips_text","texture":"98uIYzVy1EK7ZkudJSxJ0V","rect":[2,2,627,36],"offset":[-4.5,2],"originalSize":[640,44]}},{"__type__":"cc.BitmapFont","_name":"tips_text","spriteFrame":{"__uuid__":"a8qqhRgtVMqJ3r2Jkq4XhA"},"fontSize":40,"_fntConfig":{"commonHeight":40,"fontSize":40,"atlasName":"tips_text.png","fontDefDictionary":{"48":{"rect":{"x":465,"y":0,"width":21,"height":30},"xOffset":-1,"yOffset":2,"xAdvance":21},"49":{"rect":{"x":565,"y":0,"width":14,"height":30},"xOffset":-1,"yOffset":2,"xAdvance":17},"50":{"rect":{"x":490,"y":0,"width":21,"height":30},"xOffset":-1,"yOffset":2,"xAdvance":21},"51":{"rect":{"x":413,"y":0,"width":22,"height":30},"xOffset":-1,"yOffset":2,"xAdvance":21},"52":{"rect":{"x":386,"y":0,"width":23,"height":30},"xOffset":-2,"yOffset":2,"xAdvance":21},"53":{"rect":{"x":583,"y":0,"width":21,"height":29},"xOffset":-1,"yOffset":3,"xAdvance":21},"54":{"rect":{"x":439,"y":0,"width":22,"height":30},"xOffset":-1,"yOffset":2,"xAdvance":21},"55":{"rect":{"x":608,"y":0,"width":21,"height":29},"xOffset":-1,"yOffset":3,"xAdvance":22},"56":{"rect":{"x":515,"y":0,"width":21,"height":30},"xOffset":-1,"yOffset":2,"xAdvance":21},"57":{"rect":{"x":540,"y":0,"width":21,"height":30},"xOffset":-1,"yOffset":2,"xAdvance":21},"20808":{"rect":{"x":175,"y":0,"width":38,"height":38},"xOffset":-1,"yOffset":-2,"xAdvance":38},"21518":{"rect":{"x":260,"y":0,"width":38,"height":37},"xOffset":-1,"yOffset":-1,"xAdvance":38},"24182":{"rect":{"x":132,"y":0,"width":39,"height":38},"xOffset":-1,"yOffset":-2,"xAdvance":38},"31859":{"rect":{"x":0,"y":0,"width":40,"height":38},"xOffset":-2,"yOffset":-2,"xAdvance":38},"33853":{"rect":{"x":217,"y":0,"width":39,"height":37},"xOffset":-1,"yOffset":-2,"xAdvance":38},"39046":{"rect":{"x":44,"y":0,"width":40,"height":38},"xOffset":-2,"yOffset":-2,"xAdvance":38},"39537":{"rect":{"x":343,"y":0,"width":39,"height":35},"xOffset":-1,"yOffset":0,"xAdvance":38},"39550":{"rect":{"x":302,"y":0,"width":37,"height":37},"xOffset":-1,"yOffset":-2,"xAdvance":38},"40784":{"rect":{"x":88,"y":0,"width":40,"height":38},"xOffset":-2,"yOffset":-2,"xAdvance":38}},"kerningDict":{}}}]