[[{"__type__":"cc.Prefab","_name":"result_win","data":{"__id__":1},"asyncLoadAssets":null},{"__type__":"cc.Node","_name":"layout","_children":[{"__id__":2},{"__id__":3}],"_components":[{"__type__":"cc.Sprite","node":{"__id__":1},"_spriteFrame":{"__uuid__":"9bvaMerUlDyary99mJa6xp"},"_type":1,"_sizeMode":0},{"__type__":"cc.Layout","node":{"__id__":1},"_layoutSize":{"__type__":"cc.Size","width":750,"height":1334}},{"__type__":"5ace6iSrztHMa9vp95MhOJ4","node":{"__id__":1},"timeLabel":{"__id__":4}}],"_prefab":{"__type__":"cc.PrefabInfo","root":{"__id__":1},"asset":{"__uuid__":"3beRlkIzFDA47/fHe4N6Cj"},"fileId":"f23d++F0JE86pp44+CvJ1l"},"_opacity":180,"_color":{"__type__":"cc.Color"},"_contentSize":{"__type__":"cc.Size","width":750,"height":1334},"_position":{"__type__":"cc.Vec2","x":375,"y":667}},{"__type__":"cc.Node","_name":"result_win","_parent":{"__id__":1},"_components":[{"__type__":"cc.Sprite","node":{"__id__":2},"_spriteFrame":{"__uuid__":"b3AmtDfxNIwLTG83z7Zr8H"}}],"_prefab":{"__type__":"cc.PrefabInfo","root":{"__id__":1},"asset":{"__uuid__":"3beRlkIzFDA47/fHe4N6Cj"},"fileId":"d13ZPNRhBAE4ef5w623KE8"},"_contentSize":{"__type__":"cc.Size","width":742,"height":829},"_position":{"__type__":"cc.Vec2","x":8}},{"__type__":"cc.Node","_name":"timeLabel","_parent":{"__id__":1},"_components":[{"__id__":4}],"_prefab":{"__type__":"cc.PrefabInfo","root":{"__id__":1},"asset":{"__uuid__":"3beRlkIzFDA47/fHe4N6Cj"},"fileId":"6b685evVFJEaImMfYbVLNO"},"_contentSize":{"__type__":"cc.Size","width":276.67,"height":88.89},"_position":{"__type__":"cc.Vec2","y":-160}},{"__type__":"cc.Label","node":{"__id__":3},"_useOriginalSize":false,"_actualFontSize":80,"_fontSize":80,"_lineHeight":80,"_N$file":{"__uuid__":"12KC8EkQxAGbMXfXid2qog"},"_isSystemFontUsed":false,"_N$string":"00:00:00","_N$horizontalAlign":1,"_N$verticalAlign":1}],{"__type__":"cc.SpriteFrame","content":{"name":"default_panel","texture":"d8HsitJHxOYqo801xBk8ev","rect":[0,0,20,20],"offset":[0,0],"originalSize":[20,20],"capInsets":[4,3,4,3]}},{"__type__":"cc.SpriteFrame","content":{"name":"result_win","texture":"e0OhPcPNdHM54+Cv17r2Pt","rect":[0,0,742,829],"offset":[0,0],"originalSize":[742,829]}}]