[[{"__type__":"cc.Prefab","_name":"block5","data":{"__id__":1},"asyncLoadAssets":null},{"__type__":"cc.Node","_name":"block1","_children":[{"__id__":2},{"__id__":4}],"_components":[{"__type__":"cc.Sprite","node":{"__id__":1},"_spriteFrame":{"__uuid__":"8872Bx+vhCyqsXtJmdBpmA"}},{"__type__":"6674b06ccpNDaZ1Iv8QPwiB","node":{"__id__":1},"audioCollision":{"__id__":3},"audioHorn":{"__id__":5}},{"__type__":"cc.BoxCollider","node":{"__id__":1},"_offset":{"__type__":"cc.Vec2","x":-5,"y":8},"_size":{"__type__":"cc.Size","width":70,"height":120}},{"__type__":"cc.BoxCollider","node":{"__id__":1},"tag":1,"_size":{"__type__":"cc.Size","width":600,"height":500}}],"_prefab":{"__type__":"cc.PrefabInfo","root":{"__id__":1},"asset":{"__uuid__":"007Wk0uypKzpQolErCvigf"},"fileId":"52vFr0cyhN+YG/rm0/LCdQ"},"_contentSize":{"__type__":"cc.Size","width":83,"height":135},"_position":{"__type__":"cc.Vec2","x":10,"y":-2}},{"__type__":"cc.Node","_name":"collision","_parent":{"__id__":1},"_components":[{"__id__":3}],"_prefab":{"__type__":"cc.PrefabInfo","root":{"__id__":1},"asset":{"__uuid__":"007Wk0uypKzpQolErCvigf"},"fileId":"34jQjpBndB376difKg4oAA"},"_position":{"__type__":"cc.Vec2","x":-385,"y":-665}},{"__type__":"cc.AudioSource","node":{"__id__":2},"_clip":{"__uuid__":"45ZQH4NJBELaljpih9oPMU"}},{"__type__":"cc.Node","_name":"horn","_parent":{"__id__":1},"_components":[{"__id__":5}],"_prefab":{"__type__":"cc.PrefabInfo","root":{"__id__":1},"asset":{"__uuid__":"007Wk0uypKzpQolErCvigf"},"fileId":"409T/LcVNPL67/HkmIx0+K"}},{"__type__":"cc.AudioSource","node":{"__id__":4},"_clip":{"__uuid__":"385QH6sR9Pg5nAVfCcrNsF"}}],{"__type__":"cc.SpriteFrame","content":{"name":"block5","texture":"6eE7NZON1MYKjFK7X46lYw","rect":[14,5,83,135],"offset":[-2.5,66.5],"originalSize":[116,278]}}]