[{"__type__":"cc.SpriteFrame","content":{"name":"block1","texture":"621c8JqApIq4+uuZ3XpJRC","rect":[0,0,123,163],"offset":[0,0],"originalSize":[123,163]}},[{"__type__":"cc.Prefab","_name":"block1","data":{"__id__":1},"asyncLoadAssets":null},{"__type__":"cc.Node","_name":"block1","_components":[{"__type__":"cc.Sprite","node":{"__id__":1},"_spriteFrame":{"__uuid__":"097oQRLGxGYr/z79R91grd"},"_sizeMode":2,"_isTrimmedMode":false},{"__type__":"965caOjWjtDt5Y+fGwsdsC1","node":{"__id__":1}},{"__type__":"cc.BoxCollider","node":{"__id__":1},"_size":{"__type__":"cc.Size","width":123,"height":163}}],"_prefab":{"__type__":"cc.PrefabInfo","root":{"__id__":1},"asset":{"__uuid__":"5aiecpoG5Ikq5lJMQFHZLC"},"fileId":"abA21nlzVHrbAJmWjBpoQe"},"_contentSize":{"__type__":"cc.Size","width":123,"height":163},"_position":{"__type__":"cc.Vec2","x":298,"y":756}}]]