[{"__type__":"cc.SpriteFrame","content":{"name":"car1_2","texture":"43QeRMwuFAQ590VHEVvjsS","rect":[0,7,112,213],"offset":[-2,25.5],"originalSize":[116,278]}},{"__type__":"cc.SpriteFrame","content":{"name":"car1","texture":"32HffOgvpH/600yO5YhZws","rect":[12,7,88,128],"offset":[-2,68],"originalSize":[116,278]}},{"__type__":"cc.SpriteFrame","content":{"name":"boom1","texture":"98slGJ8ixLXq5hqstgU//1","rect":[13,2,246,209],"offset":[6,6],"originalSize":[260,225]}},[{"__type__":"cc.Prefab","_name":"car","data":{"__id__":1},"asyncLoadAssets":null},{"__type__":"cc.Node","_name":"car1","_children":[{"__id__":2},{"__id__":3},{"__id__":5},{"__id__":7},{"__id__":8},{"__id__":10}],"_components":[{"__type__":"cc.Sprite","node":{"__id__":1},"_spriteFrame":{"__uuid__":"67WujF1vNLV46WoCHVcfBG"},"_type":1},{"__type__":"cc.BoxCollider","node":{"__id__":1},"_offset":{"__type__":"cc.Vec2","x":-5,"y":6},"_size":{"__type__":"cc.Size","width":75,"height":115}},{"__type__":"0396baqIXFJY6t/bMDVO3ZL","node":{"__id__":1},"speedUp":{"__id__":2},"carTag":0,"audioBomb":{"__id__":4},"audioRun":{"__id__":6},"audioSmallCrash":{"__id__":9},"audioBigCrash":{"__id__":11}},{"__type__":"cc.Animation","node":{"__id__":1},"_clips":[{"__uuid__":"b6kQ6wCmJPcKhnjfWOzPYL"}]}],"_prefab":{"__type__":"cc.PrefabInfo","root":{"__id__":1},"asset":{"__uuid__":"fbTj8HEM9CF5k6pWYlqn3Y"},"fileId":"afn0tUSW5MT7Fp246nFFiO"},"_contentSize":{"__type__":"cc.Size","width":88,"height":128},"_position":{"__type__":"cc.Vec2","x":-125,"y":-250}},{"__type__":"cc.Node","_name":"speedup","_parent":{"__id__":1},"_active":false,"_components":[{"__type__":"cc.Sprite","node":{"__id__":2},"_spriteFrame":{"__uuid__":"26VyshyjlJLZvfv2FyZYUE"}}],"_prefab":{"__type__":"cc.PrefabInfo","root":{"__id__":1},"asset":{"__uuid__":"fbTj8HEM9CF5k6pWYlqn3Y"},"fileId":"4bXeJeRfxJbKh1E/JYaVQx"},"_contentSize":{"__type__":"cc.Size","width":112,"height":213},"_position":{"__type__":"cc.Vec2","x":4,"y":-76}},{"__type__":"cc.Node","_name":"audioBoom","_parent":{"__id__":1},"_components":[{"__id__":4}],"_prefab":{"__type__":"cc.PrefabInfo","root":{"__id__":1},"asset":{"__uuid__":"fbTj8HEM9CF5k6pWYlqn3Y"},"fileId":"1a0u4ACClOAplAkDjudBpU"}},{"__type__":"cc.AudioSource","node":{"__id__":3},"_clip":{"__uuid__":"b6Pdqb6VVFxaBbXUs3HOgL"}},{"__type__":"cc.Node","_name":"audioRun","_parent":{"__id__":1},"_components":[{"__id__":6}],"_prefab":{"__type__":"cc.PrefabInfo","root":{"__id__":1},"asset":{"__uuid__":"fbTj8HEM9CF5k6pWYlqn3Y"},"fileId":"b0DoUkzEhGN5bIsKrZZ5Pe"},"_position":{"__type__":"cc.Vec2","x":-1.1368683772161603e-13}},{"__type__":"cc.AudioSource","node":{"__id__":5},"_clip":{"__uuid__":"6b213VEn1HaY7v7mkScyql"},"_loop":true},{"__type__":"cc.Node","_name":"boom","_parent":{"__id__":1},"_active":false,"_components":[{"__type__":"cc.Sprite","node":{"__id__":7},"_spriteFrame":{"__uuid__":"7eLDAetDtMW7u3E5KdHd+q"}}],"_prefab":{"__type__":"cc.PrefabInfo","root":{"__id__":1},"asset":{"__uuid__":"fbTj8HEM9CF5k6pWYlqn3Y"},"fileId":"64fqXSuoJB2L+tvd4lUsu2"},"_contentSize":{"__type__":"cc.Size","width":246,"height":209}},{"__type__":"cc.Node","_name":"audioSmallCrash","_parent":{"__id__":1},"_components":[{"__id__":9}],"_prefab":{"__type__":"cc.PrefabInfo","root":{"__id__":1},"asset":{"__uuid__":"fbTj8HEM9CF5k6pWYlqn3Y"},"fileId":"a4T7lzZrlORrP4iuOI5N7/"}},{"__type__":"cc.AudioSource","node":{"__id__":8},"_clip":{"__uuid__":"33SvUoloNGY4Hdjp6cFlhR"}},{"__type__":"cc.Node","_name":"audioBigCrash","_parent":{"__id__":1},"_components":[{"__id__":11}],"_prefab":{"__type__":"cc.PrefabInfo","root":{"__id__":1},"asset":{"__uuid__":"fbTj8HEM9CF5k6pWYlqn3Y"},"fileId":"fciDgThqNK/LdwD2irNmL6"}},{"__type__":"cc.AudioSource","node":{"__id__":10},"_clip":{"__uuid__":"76W8OZSGdNqZ5GasA2TX8K"}}]]