[{"__type__":"cc.SpriteFrame","content":{"name":"block3","texture":"6286YTOWZK5bPswB1bq3k3","rect":[15,7,81,122],"offset":[-2.5,71],"originalSize":[116,278]}},[{"__type__":"cc.Prefab","_name":"block3","data":{"__id__":1},"asyncLoadAssets":null},{"__type__":"cc.Node","_name":"block1","_children":[{"__id__":2}],"_components":[{"__type__":"cc.Sprite","node":{"__id__":1},"_spriteFrame":{"__uuid__":"1cjtW1EJ9KxZt6AdbamVlX"}},{"__type__":"0b32cychhNGEYaJPkzcZUQR","node":{"__id__":1},"audioCollision":{"__id__":3}},{"__type__":"cc.BoxCollider","node":{"__id__":1},"_offset":{"__type__":"cc.Vec2","x":-5,"y":8},"_size":{"__type__":"cc.Size","width":70,"height":110}}],"_prefab":{"__type__":"cc.PrefabInfo","root":{"__id__":1},"asset":{"__uuid__":"915K02u5RMi7xKtzBAI067"},"fileId":"52vFr0cyhN+YG/rm0/LCdQ"},"_contentSize":{"__type__":"cc.Size","width":81,"height":122}},{"__type__":"cc.Node","_name":"collision","_parent":{"__id__":1},"_components":[{"__id__":3}],"_prefab":{"__type__":"cc.PrefabInfo","root":{"__id__":1},"asset":{"__uuid__":"915K02u5RMi7xKtzBAI067"},"fileId":"a1l5pcQ7FLha+41/3bbHIt"},"_position":{"__type__":"cc.Vec2","x":-375,"y":-667}},{"__type__":"cc.AudioSource","node":{"__id__":2},"_clip":{"__uuid__":"45ZQH4NJBELaljpih9oPMU"}}]]