[{"__type__":"cc.SpriteFrame","content":{"name":"light_red","texture":"60tAgMRU1LH7FYIsHM8fOE","rect":[0,0,113,113],"offset":[0,0],"originalSize":[113,113]}},{"__type__":"cc.SpriteFrame","content":{"name":"speedup_top","texture":"e8JRqAxKRG+6LHES/Pi04V","rect":[0,0,78,104],"offset":[0,0],"originalSize":[78,104]}},{"__type__":"cc.SpriteFrame","content":{"name":"car1_2","texture":"43QeRMwuFAQ590VHEVvjsS","rect":[0,7,112,213],"offset":[-2,25.5],"originalSize":[116,278]}},{"__type__":"cc.SpriteFrame","content":{"name":"default_btn_disabled","texture":"71VhFCTINJM6/Ky3oX9nBT","rect":[0,0,40,40],"offset":[0,0],"originalSize":[40,40],"capInsets":[15,7,15,9]}},[{"__type__":"cc.SceneAsset","_name":"scene","scene":{"__id__":1},"asyncLoadAssets":null},{"__type__":"cc.Scene","_name":"New Node","_children":[{"__id__":2}],"_anchorPoint":{"__type__":"cc.Vec2"},"autoReleaseAssets":null},{"__type__":"cc.Node","_name":"Canvas","_parent":{"__id__":1},"_children":[{"__id__":3},{"__id__":10},{"__id__":15},{"__id__":22},{"__id__":24},{"__id__":36},{"__id__":48},{"__id__":51},{"__id__":53},{"__id__":62},{"__type__":"cc.Node","_name":"result","_parent":{"__id__":2}},{"__id__":63},{"__id__":64},{"__id__":65}],"_components":[{"__type__":"cc.Canvas","node":{"__id__":2},"_designResolution":{"__type__":"cc.Size","width":750,"height":1334}},{"__type__":"2469cpVsGtEKZt/V+HQNrBx","node":{"__id__":2},"_presentX":70,"_waywidth":300,"_destination":200000,"maskLayer":{"__id__":62},"roadNode":{"__id__":3},"bg1":{"__id__":5},"bg2":{"__id__":7},"startLine":{"__id__":9},"redpoint":{"__id__":14},"bluepoint":{"__id__":12},"cars":[{"__id__":35},{"__id__":47}],"heroArrow":{"__id__":23},"speedometer":{"__id__":59},"speedLabel":{"__id__":55},"speedupButton":{"__id__":61},"wheelButton":{"__id__":52},"tipsLabel":{"__id__":50},"trafficlight":{"__id__":15},"trafficlights":[{"__id__":17},{"__id__":19},{"__id__":21}],"audioBackground":{"__uuid__":"b7oRYVIChILb/U7N36Pw32"},"audioDaoshu":{"__id__":66},"audioWin":{"__uuid__":"65sIr3VxhM66ORWpSYLnOn"},"audioLose":{"__uuid__":"ac3ZXam3RLDLU4/3W38/sv"}}],"_id":"a286bbGknJLZpRpxROV6M94","_color":{"__type__":"cc.Color","r":252,"g":252,"b":252},"_contentSize":{"__type__":"cc.Size","width":750,"height":1334},"_position":{"__type__":"cc.Vec2","x":375,"y":667}},{"__type__":"cc.Node","_name":"roadNode","_parent":{"__id__":2},"_children":[{"__id__":4},{"__id__":6},{"__id__":8}],"_components":[{"__type__":"cc.Sprite","node":{"__id__":3},"_spriteFrame":{"__uuid__":"9bvaMerUlDyary99mJa6xp"},"_type":1,"_sizeMode":0},{"__type__":"cc.Layout","node":{"__id__":3},"_layoutSize":{"__type__":"cc.Size","width":750,"height":1334}}],"_color":{"__type__":"cc.Color","r":167,"g":167,"b":167},"_contentSize":{"__type__":"cc.Size","width":750,"height":1334}},{"__type__":"cc.Node","_name":"bg1","_parent":{"__id__":3},"_components":[{"__id__":5}],"_contentSize":{"__type__":"cc.Size","width":750,"height":1334}},{"__type__":"cc.Sprite","node":{"__id__":4},"_spriteFrame":{"__uuid__":"96mdcDAtJBBag4fxNz/jSx"}},{"__type__":"cc.Node","_name":"bg2","_parent":{"__id__":3},"_components":[{"__id__":7}],"_contentSize":{"__type__":"cc.Size","width":750,"height":1334},"_position":{"__type__":"cc.Vec2","y":1334}},{"__type__":"cc.Sprite","node":{"__id__":6},"_spriteFrame":{"__uuid__":"96mdcDAtJBBag4fxNz/jSx"}},{"__type__":"cc.Node","_name":"startLine","_parent":{"__id__":3},"_components":[{"__id__":9}],"_contentSize":{"__type__":"cc.Size","width":470,"height":68},"_position":{"__type__":"cc.Vec2","y":-150}},{"__type__":"cc.Sprite","node":{"__id__":8},"_spriteFrame":{"__uuid__":"ceaGns865BGqjWkMyQCdc6"}},{"__type__":"cc.Node","_name":"track","_parent":{"__id__":2},"_children":[{"__id__":11},{"__id__":13}],"_components":[{"__type__":"cc.Sprite","node":{"__id__":10},"_spriteFrame":{"__uuid__":"7bncfuVNZMm72lMcdKujB0"}},{"__type__":"cc.Widget","node":{"__id__":10},"_target":{"__id__":2},"_alignFlags":8,"_left":14}],"_contentSize":{"__type__":"cc.Size","width":84,"height":802},"_position":{"__type__":"cc.Vec2","x":-319,"y":100}},{"__type__":"cc.Node","_name":"bluepoint","_parent":{"__id__":10},"_components":[{"__id__":12}],"_contentSize":{"__type__":"cc.Size","width":20,"height":20},"_position":{"__type__":"cc.Vec2","x":18.75,"y":-350}},{"__type__":"cc.Sprite","node":{"__id__":11},"_spriteFrame":{"__uuid__":"47F/lufI5JSYBiQO7HMlGI"},"_sizeMode":0},{"__type__":"cc.Node","_name":"redpoint","_parent":{"__id__":10},"_components":[{"__id__":14}],"_contentSize":{"__type__":"cc.Size","width":20,"height":20},"_position":{"__type__":"cc.Vec2","x":-18.75,"y":-350}},{"__type__":"cc.Sprite","node":{"__id__":13},"_spriteFrame":{"__uuid__":"77XzACoL1LzY7i7nh68yLN"},"_sizeMode":0},{"__type__":"cc.Node","_name":"trafficlight","_parent":{"__id__":2},"_children":[{"__id__":16},{"__id__":18},{"__id__":20}],"_components":[{"__type__":"cc.Sprite","node":{"__id__":15},"_spriteFrame":{"__uuid__":"37uu3l/SlJdpto123URLqu"}}],"_contentSize":{"__type__":"cc.Size","width":413,"height":149},"_position":{"__type__":"cc.Vec2","y":370}},{"__type__":"cc.Node","_name":"light_red","_parent":{"__id__":15},"_components":[{"__id__":17}],"_contentSize":{"__type__":"cc.Size","width":113,"height":113},"_position":{"__type__":"cc.Vec2","x":-109,"y":-5}},{"__type__":"cc.Sprite","node":{"__id__":16},"_spriteFrame":{"__uuid__":"0doRASFxxJyLWsvCCphB0q"}},{"__type__":"cc.Node","_name":"light_yellow","_parent":{"__id__":15},"_components":[{"__id__":19}],"_contentSize":{"__type__":"cc.Size","width":113,"height":113},"_position":{"__type__":"cc.Vec2","y":-4}},{"__type__":"cc.Sprite","node":{"__id__":18},"_spriteFrame":{"__uuid__":"b776POX/RGHYI7nLtsx6Bq"}},{"__type__":"cc.Node","_name":"light_green","_parent":{"__id__":15},"_components":[{"__id__":21}],"_contentSize":{"__type__":"cc.Size","width":113,"height":113},"_position":{"__type__":"cc.Vec2","x":112,"y":-5}},{"__type__":"cc.Sprite","node":{"__id__":20},"_spriteFrame":{"__uuid__":"fdbQX4TGpPBJOIoC3LGEY3"}},{"__type__":"cc.Node","_name":"heroArrow","_parent":{"__id__":2},"_components":[{"__id__":23}],"_contentSize":{"__type__":"cc.Size","width":28,"height":25},"_position":{"__type__":"cc.Vec2","x":-125,"y":-130}},{"__type__":"cc.Sprite","node":{"__id__":22},"_spriteFrame":{"__uuid__":"da9zgLFSRKwJ3ALJyGtCtC"}},{"__type__":"cc.Node","_name":"car1","_parent":{"__id__":2},"_children":[{"__id__":25},{"__id__":26},{"__id__":28},{"__id__":30},{"__id__":31},{"__id__":33}],"_components":[{"__id__":35},{"__type__":"cc.BoxCollider","node":{"__id__":24},"_offset":{"__type__":"cc.Vec2","x":-5,"y":6},"_size":{"__type__":"cc.Size","width":75,"height":115}},{"__type__":"0396baqIXFJY6t/bMDVO3ZL","node":{"__id__":24},"speedUp":{"__id__":25},"carTag":0,"audioBomb":{"__id__":27},"audioRun":{"__id__":29},"audioSmallCrash":{"__id__":32},"audioBigCrash":{"__id__":34}},{"__type__":"cc.Animation","node":{"__id__":24},"_clips":[{"__uuid__":"b6kQ6wCmJPcKhnjfWOzPYL"}]}],"_prefab":{"__type__":"cc.PrefabInfo","root":{"__id__":24},"asset":{"__uuid__":"fbTj8HEM9CF5k6pWYlqn3Y"},"fileId":"afn0tUSW5MT7Fp246nFFiO"},"_contentSize":{"__type__":"cc.Size","width":88,"height":128},"_position":{"__type__":"cc.Vec2","x":-125,"y":-1000}},{"__type__":"cc.Node","_name":"speedup","_parent":{"__id__":24},"_active":false,"_components":[{"__type__":"cc.Sprite","node":{"__id__":25},"_spriteFrame":{"__uuid__":"26VyshyjlJLZvfv2FyZYUE"}}],"_prefab":{"__type__":"cc.PrefabInfo","root":{"__id__":24},"asset":{"__uuid__":"fbTj8HEM9CF5k6pWYlqn3Y"},"fileId":"4bXeJeRfxJbKh1E/JYaVQx"},"_contentSize":{"__type__":"cc.Size","width":112,"height":213},"_position":{"__type__":"cc.Vec2","x":4,"y":-76}},{"__type__":"cc.Node","_name":"audioBoom","_parent":{"__id__":24},"_components":[{"__id__":27}],"_prefab":{"__type__":"cc.PrefabInfo","root":{"__id__":24},"asset":{"__uuid__":"fbTj8HEM9CF5k6pWYlqn3Y"},"fileId":"1a0u4ACClOAplAkDjudBpU"}},{"__type__":"cc.AudioSource","node":{"__id__":26},"_clip":{"__uuid__":"b6Pdqb6VVFxaBbXUs3HOgL"}},{"__type__":"cc.Node","_name":"audioRun","_parent":{"__id__":24},"_components":[{"__id__":29}],"_prefab":{"__type__":"cc.PrefabInfo","root":{"__id__":24},"asset":{"__uuid__":"fbTj8HEM9CF5k6pWYlqn3Y"},"fileId":"b0DoUkzEhGN5bIsKrZZ5Pe"},"_position":{"__type__":"cc.Vec2","x":-1.1368683772161603e-13}},{"__type__":"cc.AudioSource","node":{"__id__":28},"_clip":{"__uuid__":"6b213VEn1HaY7v7mkScyql"},"_loop":true},{"__type__":"cc.Node","_name":"boom","_parent":{"__id__":24},"_active":false,"_components":[{"__type__":"cc.Sprite","node":{"__id__":30},"_spriteFrame":{"__uuid__":"7eLDAetDtMW7u3E5KdHd+q"}}],"_prefab":{"__type__":"cc.PrefabInfo","root":{"__id__":24},"asset":{"__uuid__":"fbTj8HEM9CF5k6pWYlqn3Y"},"fileId":"64fqXSuoJB2L+tvd4lUsu2"},"_contentSize":{"__type__":"cc.Size","width":246,"height":209}},{"__type__":"cc.Node","_name":"audioSmallCrash","_parent":{"__id__":24},"_components":[{"__id__":32}],"_prefab":{"__type__":"cc.PrefabInfo","root":{"__id__":24},"asset":{"__uuid__":"fbTj8HEM9CF5k6pWYlqn3Y"},"fileId":"a4T7lzZrlORrP4iuOI5N7/"}},{"__type__":"cc.AudioSource","node":{"__id__":31},"_clip":{"__uuid__":"33SvUoloNGY4Hdjp6cFlhR"}},{"__type__":"cc.Node","_name":"audioBigCrash","_parent":{"__id__":24},"_components":[{"__id__":34}],"_prefab":{"__type__":"cc.PrefabInfo","root":{"__id__":24},"asset":{"__uuid__":"fbTj8HEM9CF5k6pWYlqn3Y"},"fileId":"fciDgThqNK/LdwD2irNmL6"}},{"__type__":"cc.AudioSource","node":{"__id__":33},"_clip":{"__uuid__":"76W8OZSGdNqZ5GasA2TX8K"}},{"__type__":"cc.Sprite","node":{"__id__":24},"_spriteFrame":{"__uuid__":"67WujF1vNLV46WoCHVcfBG"},"_type":1},{"__type__":"cc.Node","_name":"car2","_parent":{"__id__":2},"_children":[{"__id__":37},{"__id__":38},{"__id__":40},{"__id__":42},{"__id__":43},{"__id__":45}],"_components":[{"__id__":47},{"__type__":"cc.BoxCollider","node":{"__id__":36},"_offset":{"__type__":"cc.Vec2","x":-5,"y":6},"_size":{"__type__":"cc.Size","width":75,"height":115}},{"__type__":"0396baqIXFJY6t/bMDVO3ZL","node":{"__id__":36},"speedUp":{"__id__":37},"carTag":0,"audioBomb":{"__id__":39},"audioRun":{"__id__":41},"audioSmallCrash":{"__id__":44},"audioBigCrash":{"__id__":46}},{"__type__":"cc.Animation","node":{"__id__":36},"_clips":[{"__uuid__":"b6kQ6wCmJPcKhnjfWOzPYL"}]}],"_prefab":{"__type__":"cc.PrefabInfo","root":{"__id__":36},"asset":{"__uuid__":"fbTj8HEM9CF5k6pWYlqn3Y"},"fileId":"afn0tUSW5MT7Fp246nFFiO"},"_contentSize":{"__type__":"cc.Size","width":88,"height":128},"_position":{"__type__":"cc.Vec2","x":125,"y":-1000}},{"__type__":"cc.Node","_name":"speedup","_parent":{"__id__":36},"_active":false,"_components":[{"__type__":"cc.Sprite","node":{"__id__":37},"_spriteFrame":{"__uuid__":"26VyshyjlJLZvfv2FyZYUE"}}],"_prefab":{"__type__":"cc.PrefabInfo","root":{"__id__":36},"asset":{"__uuid__":"fbTj8HEM9CF5k6pWYlqn3Y"},"fileId":"4bXeJeRfxJbKh1E/JYaVQx"},"_contentSize":{"__type__":"cc.Size","width":112,"height":213},"_position":{"__type__":"cc.Vec2","x":4,"y":-76}},{"__type__":"cc.Node","_name":"audioBoom","_parent":{"__id__":36},"_components":[{"__id__":39}],"_prefab":{"__type__":"cc.PrefabInfo","root":{"__id__":36},"asset":{"__uuid__":"fbTj8HEM9CF5k6pWYlqn3Y"},"fileId":"1a0u4ACClOAplAkDjudBpU"}},{"__type__":"cc.AudioSource","node":{"__id__":38},"_clip":{"__uuid__":"b6Pdqb6VVFxaBbXUs3HOgL"}},{"__type__":"cc.Node","_name":"audioRun","_parent":{"__id__":36},"_components":[{"__id__":41}],"_prefab":{"__type__":"cc.PrefabInfo","root":{"__id__":36},"asset":{"__uuid__":"fbTj8HEM9CF5k6pWYlqn3Y"},"fileId":"b0DoUkzEhGN5bIsKrZZ5Pe"},"_position":{"__type__":"cc.Vec2","x":-1.1368683772161603e-13}},{"__type__":"cc.AudioSource","node":{"__id__":40},"_clip":{"__uuid__":"6b213VEn1HaY7v7mkScyql"},"_loop":true},{"__type__":"cc.Node","_name":"boom","_parent":{"__id__":36},"_active":false,"_components":[{"__type__":"cc.Sprite","node":{"__id__":42},"_spriteFrame":{"__uuid__":"7eLDAetDtMW7u3E5KdHd+q"}}],"_prefab":{"__type__":"cc.PrefabInfo","root":{"__id__":36},"asset":{"__uuid__":"fbTj8HEM9CF5k6pWYlqn3Y"},"fileId":"64fqXSuoJB2L+tvd4lUsu2"},"_contentSize":{"__type__":"cc.Size","width":246,"height":209}},{"__type__":"cc.Node","_name":"audioSmallCrash","_parent":{"__id__":36},"_components":[{"__id__":44}],"_prefab":{"__type__":"cc.PrefabInfo","root":{"__id__":36},"asset":{"__uuid__":"fbTj8HEM9CF5k6pWYlqn3Y"},"fileId":"a4T7lzZrlORrP4iuOI5N7/"}},{"__type__":"cc.AudioSource","node":{"__id__":43},"_clip":{"__uuid__":"33SvUoloNGY4Hdjp6cFlhR"}},{"__type__":"cc.Node","_name":"audioBigCrash","_parent":{"__id__":36},"_components":[{"__id__":46}],"_prefab":{"__type__":"cc.PrefabInfo","root":{"__id__":36},"asset":{"__uuid__":"fbTj8HEM9CF5k6pWYlqn3Y"},"fileId":"fciDgThqNK/LdwD2irNmL6"}},{"__type__":"cc.AudioSource","node":{"__id__":45},"_clip":{"__uuid__":"76W8OZSGdNqZ5GasA2TX8K"}},{"__type__":"cc.Sprite","node":{"__id__":36},"_spriteFrame":{"__uuid__":"67WujF1vNLV46WoCHVcfBG"},"_type":1},{"__type__":"cc.Node","_name":"tipsBg","_parent":{"__id__":2},"_children":[{"__id__":49}],"_components":[{"__type__":"cc.Sprite","node":{"__id__":48},"_spriteFrame":{"__uuid__":"6e8kW58PRPxLzspJAFsXJw"}}],"_contentSize":{"__type__":"cc.Size","width":160,"height":8},"_position":{"__type__":"cc.Vec2","y":520}},{"__type__":"cc.Node","_name":"label","_parent":{"__id__":48},"_components":[{"__id__":50}],"_contentSize":{"__type__":"cc.Size","width":152,"height":40},"_position":{"__type__":"cc.Vec2","y":-35}},{"__type__":"cc.Label","node":{"__id__":49},"_useOriginalSize":false,"_N$file":{"__uuid__":"e06S4dpZBG/oIgOcyC5jPZ"},"_isSystemFontUsed":false,"_N$string":"并驾齐驱","_N$horizontalAlign":1,"_N$verticalAlign":1},{"__type__":"cc.Node","_name":"wheelButton","_parent":{"__id__":2},"_components":[{"__type__":"cc.Sprite","node":{"__id__":51},"_spriteFrame":{"__uuid__":"a0QtZue39Oq7yhd8ZUkhU+"},"_sizeMode":2,"_isTrimmedMode":false},{"__id__":52},{"__type__":"cc.Widget","node":{"__id__":51},"_target":{"__id__":2},"_alignFlags":8,"_left":16.5}],"_contentSize":{"__type__":"cc.Size","width":351,"height":160},"_position":{"__type__":"cc.Vec2","x":-183,"y":-408}},{"__type__":"cc.Button","node":{"__id__":51},"_N$target":{"__id__":51}},{"__type__":"cc.Node","_name":"speedup_top","_parent":{"__id__":2},"_children":[{"__id__":54},{"__id__":56},{"__id__":60}],"_components":[{"__type__":"cc.Sprite","node":{"__id__":53},"_spriteFrame":{"__uuid__":"2206BtwXZDUpabzLEwfDnt"}},{"__type__":"cc.Widget","node":{"__id__":53},"_target":{"__id__":2},"_alignFlags":32,"_right":61}],"_contentSize":{"__type__":"cc.Size","width":78,"height":104},"_position":{"__type__":"cc.Vec2","x":275,"y":60}},{"__type__":"cc.Node","_name":"speedLabel","_parent":{"__id__":53},"_components":[{"__id__":55}],"_contentSize":{"__type__":"cc.Size","width":20,"height":40},"_position":{"__type__":"cc.Vec2","y":13}},{"__type__":"cc.Label","node":{"__id__":54},"_useOriginalSize":false,"_N$file":{"__uuid__":"e06S4dpZBG/oIgOcyC5jPZ"},"_isSystemFontUsed":false,"_N$string":"0","_N$horizontalAlign":1,"_N$verticalAlign":1},{"__type__":"cc.Node","_name":"speedometer","_parent":{"__id__":53},"_children":[{"__id__":57}],"_components":[{"__type__":"cc.Sprite","node":{"__id__":56},"_spriteFrame":{"__uuid__":"39/tAldzZMEaARJvdPIHvK"},"_sizeMode":0,"_isTrimmedMode":false},{"__id__":59}],"_contentSize":{"__type__":"cc.Size","width":60,"height":335},"_position":{"__type__":"cc.Vec2","y":-195}},{"__type__":"cc.Node","_name":"bar","_parent":{"__id__":56},"_components":[{"__id__":58}],"_anchorPoint":{"__type__":"cc.Vec2","x":0.5},"_contentSize":{"__type__":"cc.Size","width":50,"height":201},"_position":{"__type__":"cc.Vec2","y":-167}},{"__type__":"cc.Sprite","node":{"__id__":57},"_spriteFrame":{"__uuid__":"d90LaTfpZPCZ5ynyJ+Fig/"},"_type":2,"_sizeMode":0,"_fillType":1,"_fillRange":1,"_isTrimmedMode":false},{"__type__":"cc.ProgressBar","node":{"__id__":56},"_N$totalLength":335,"_N$barSprite":{"__id__":58},"_N$mode":1,"_N$progress":0.6},{"__type__":"cc.Node","_name":"speedupButton","_parent":{"__id__":53},"_components":[{"__type__":"cc.Sprite","node":{"__id__":60},"_spriteFrame":{"__uuid__":"f1r1yj9pRPKYHQ7ZAtv0+k"},"_sizeMode":2,"_isTrimmedMode":false},{"__id__":61}],"_contentSize":{"__type__":"cc.Size","width":157,"height":177},"_position":{"__type__":"cc.Vec2","x":-0.9,"y":-446.2}},{"__type__":"cc.Button","node":{"__id__":60},"pressedColor":{"__type__":"cc.Color","r":255,"g":255,"b":255},"pressedSprite":{"__uuid__":"e97GVMl6JHh5Ml5qEDdSGa"},"hoverSprite":{"__uuid__":"e97GVMl6JHh5Ml5qEDdSGa"},"_N$normalColor":{"__type__":"cc.Color","r":255,"g":255,"b":255},"_N$disabledColor":{"__type__":"cc.Color","r":255,"g":255,"b":255},"_N$normalSprite":{"__uuid__":"f1r1yj9pRPKYHQ7ZAtv0+k"},"_N$disabledSprite":{"__uuid__":"29FYIk+N1GYaeWH/q1NxQO"},"_N$target":{"__id__":60}},{"__type__":"cc.Node","_name":"mask","_parent":{"__id__":2},"_components":[{"__type__":"cc.Sprite","node":{"__id__":62},"_spriteFrame":{"__uuid__":"9bvaMerUlDyary99mJa6xp"},"_type":1,"_sizeMode":0},{"__type__":"cc.Layout","node":{"__id__":62},"_layoutSize":{"__type__":"cc.Size","width":750,"height":1334}}],"_opacity":180,"_color":{"__type__":"cc.Color"},"_contentSize":{"__type__":"cc.Size","width":750,"height":1334}},{"__type__":"cc.Node","_name":"audioRun","_parent":{"__id__":2},"_components":[{"__type__":"cc.AudioSource","node":{"__id__":63}}]},{"__type__":"cc.Node","_name":"audioRun","_parent":{"__id__":2},"_components":[{"__type__":"cc.AudioSource","node":{"__id__":64}}],"_position":{"__type__":"cc.Vec2","x":-1.1368683772161603e-13}},{"__type__":"cc.Node","_name":"daoshu","_parent":{"__id__":2},"_components":[{"__id__":66}]},{"__type__":"cc.AudioSource","node":{"__id__":65},"_clip":{"__uuid__":"6cn2SYIDNDlZH1E2JeQVg9"},"preload":true}],{"__type__":"cc.SpriteFrame","content":{"name":"trafficlight","texture":"e5ajgweXhAC5Z8q8d/sitF","rect":[0,0,413,149],"offset":[0,0],"originalSize":[413,149]}},{"__type__":"cc.SpriteFrame","content":{"name":"speedup_progress_bg","texture":"92Ko+osLhI5b67zmIWcfjF","rect":[0,0,60,335],"offset":[0,3.5],"originalSize":[60,342]}},{"__type__":"cc.SpriteFrame","content":{"name":"bluecar","texture":"92sQ77ZIxNaIWCT/cEC7Ke","rect":[0,0,19,21],"offset":[0,0],"originalSize":[19,21]}},{"__type__":"cc.SpriteFrame","content":{"name":"car1","texture":"32HffOgvpH/600yO5YhZws","rect":[12,7,88,128],"offset":[-2,68],"originalSize":[116,278]}},{"__type__":"cc.SpriteFrame","content":{"name":"tips_bg","texture":"27T3dEVf1Ja7/Ucdi8wbAU","rect":[0,0,160,8],"offset":[0,0],"originalSize":[160,8]}},{"__type__":"cc.SpriteFrame","content":{"name":"redcar","texture":"7cAeADnx9GwJcqQmTbabBD","rect":[0,0,19,21],"offset":[0,0],"originalSize":[19,21]}},{"__type__":"cc.SpriteFrame","content":{"name":"track","texture":"cbmDXHmvdPnoa6k+dLz53j","rect":[0,0,84,802],"offset":[0,0],"originalSize":[84,802]}},{"__type__":"cc.SpriteFrame","content":{"name":"boom1","texture":"98slGJ8ixLXq5hqstgU//1","rect":[13,2,246,209],"offset":[6,6],"originalSize":[260,225]}},{"__type__":"cc.SpriteFrame","content":{"name":"bg","texture":"10+kmF5pdE6ZIJ7L+VdcJe","rect":[0,0,750,1334],"offset":[0,0],"originalSize":[750,1334]}},{"__type__":"cc.SpriteFrame","content":{"name":"default_panel","texture":"d8HsitJHxOYqo801xBk8ev","rect":[0,0,20,20],"offset":[0,0],"originalSize":[20,20],"capInsets":[4,3,4,3]}},{"__type__":"cc.SpriteFrame","content":{"name":"wheel","texture":"8b9jSBnSVKfJRSh0KlL9lp","rect":[0,0,351,160],"offset":[0,0],"originalSize":[351,160]}},{"__type__":"cc.SpriteFrame","content":{"name":"light_yellow","texture":"35FYpbWvZI/YWOoOicgnqT","rect":[0,0,113,113],"offset":[0,0],"originalSize":[113,113]}},{"__type__":"cc.SpriteFrame","content":{"name":"line","texture":"fbx4DRtQlKyKrAURnS6v5Y","rect":[0,0,470,68],"offset":[0,0],"originalSize":[470,68]}},{"__type__":"cc.SpriteFrame","content":{"name":"speedup_progress_fg","texture":"fcTfDmuaxLUqEdKElidMMh","rect":[5,4,50,338],"offset":[0,-2],"originalSize":[60,342]}},{"__type__":"cc.SpriteFrame","content":{"name":"arrow","texture":"cekdEBDD9Cepm2UCJSj4mA","rect":[0,0,28,25],"offset":[0,0],"originalSize":[28,25]}},{"__type__":"cc.SpriteFrame","content":{"name":"default_btn_pressed","texture":"b4P/PCArtIdIH38t6mlw8Y","rect":[0,0,40,40],"offset":[0,0],"originalSize":[40,40],"capInsets":[11,11,11,7]}},{"__type__":"cc.SpriteFrame","content":{"name":"speedup","texture":"93D61ziY1DPoEfTqEgt5cs","rect":[0,0,157,177],"offset":[0,0],"originalSize":[157,177]}},{"__type__":"cc.SpriteFrame","content":{"name":"light_green","texture":"11pkzcXAhDzoIon4HFnnE0","rect":[0,0,113,113],"offset":[0,0],"originalSize":[113,113]}}]