[{"__type__":"cc.SpriteFrame","content":{"name":"boom1","texture":"98slGJ8ixLXq5hqstgU//1","rect":[13,2,246,209],"offset":[6,6],"originalSize":[260,225]}},{"__type__":"cc.SpriteFrame","content":{"name":"boom3","texture":"act94U5c5JA5/SBUf14ETR","rect":[4,0,235,219],"offset":[-8.5,3],"originalSize":[260,225]}},{"__type__":"cc.AnimationClip","_name":"boom","_duration":0.35,"curveData":{"paths":{"boom":{"comps":{"cc.Sprite":{"spriteFrame":[{"frame":0,"value":{"__uuid__":"7eLDAetDtMW7u3E5KdHd+q"}},{"frame":0.16666666666666666,"value":{"__uuid__":"c34L7KVcRLxa1z6XlI2lQy"}},{"frame":0.3333333333333333,"value":{"__uuid__":"b3GpUuOGxJ17OfsGJebj8t"}}]}}}}}},{"__type__":"cc.SpriteFrame","content":{"name":"boom2","texture":"ccoh44VadMkJQuZwkBemjb","rect":[4,0,234,220],"offset":[-9,2.5],"originalSize":[260,225]}}]