[[{"__type__":"cc.Prefab","_name":"block4","data":{"__id__":1},"asyncLoadAssets":null},{"__type__":"cc.Node","_name":"block1","_children":[{"__id__":2},{"__id__":4}],"_components":[{"__type__":"cc.Sprite","node":{"__id__":1},"_spriteFrame":{"__uuid__":"e5pEGnjPROD5UINZUS1JZU"}},{"__type__":"0fef6NKb3FIUqy5JkEoHUYn","node":{"__id__":1},"audioCollision":{"__id__":3},"audioHorn":{"__id__":5}},{"__type__":"cc.BoxCollider","node":{"__id__":1},"_offset":{"__type__":"cc.Vec2","x":-5,"y":8},"_size":{"__type__":"cc.Size","width":70,"height":110}},{"__type__":"cc.BoxCollider","node":{"__id__":1},"tag":1,"_size":{"__type__":"cc.Size","width":200,"height":200}}],"_prefab":{"__type__":"cc.PrefabInfo","root":{"__id__":1},"asset":{"__uuid__":"7cu5TEMTlBj7J6OdlCJ7S3"},"fileId":"52vFr0cyhN+YG/rm0/LCdQ"},"_contentSize":{"__type__":"cc.Size","width":81,"height":124}},{"__type__":"cc.Node","_name":"collision","_parent":{"__id__":1},"_components":[{"__id__":3}],"_prefab":{"__type__":"cc.PrefabInfo","root":{"__id__":1},"asset":{"__uuid__":"7cu5TEMTlBj7J6OdlCJ7S3"},"fileId":"b9N2NxFNVMDpqcMGOM2D4X"},"_position":{"__type__":"cc.Vec2","x":-375,"y":-667}},{"__type__":"cc.AudioSource","node":{"__id__":2},"_clip":{"__uuid__":"45ZQH4NJBELaljpih9oPMU"}},{"__type__":"cc.Node","_name":"horn","_parent":{"__id__":1},"_components":[{"__id__":5}],"_prefab":{"__type__":"cc.PrefabInfo","root":{"__id__":1},"asset":{"__uuid__":"7cu5TEMTlBj7J6OdlCJ7S3"},"fileId":"8bjjJMWw9LcZhC0fWojYFl"}},{"__type__":"cc.AudioSource","node":{"__id__":4},"_clip":{"__uuid__":"79wWrzGA9Iub/mjEmnzSYu"}}],{"__type__":"cc.SpriteFrame","content":{"name":"block4","texture":"aa7oyjE2ZL94txjYj2MYVi","rect":[15,6,81,124],"offset":[-2.5,71],"originalSize":[116,278]}}]